WaveLength,Module1,Min%, Max%, Modue2,Min%, Max%
400,377.1667,-5.00,5.00,453.1206,-5.00,5.00,
401,383.1460,-5.00,5.00,462.3109,-5.00,5.00,
402,396.0140,-5.00,5.00,481.6700,-5.00,5.00,
403,402.0893,-5.00,5.00,490.4010,-5.00,5.00,
404,408.4491,-5.00,5.00,500.9868,-5.00,5.00,
405,416.0858,-5.00,5.00,512.6208,-5.00,5.00,
406,430.6340,-5.00,5.00,522.8508,-5.00,5.00,
407,436.3217,-5.00,5.00,540.8778,-5.00,5.00,
408,440.0718,-5.00,5.00,547.6647,-5.00,5.00,
409,444.9586,-5.00,5.00,555.1739,-5.00,5.00,
410,451.3204,-5.00,5.00,565.2655,-5.00,5.00,
411,467.1826,-5.00,5.00,589.1721,-5.00,5.00,
412,474.2372,-5.00,5.00,600.4574,-5.00,5.00,
413,481.6150,-5.00,5.00,610.9137,-5.00,5.00,
414,489.2290,-5.00,5.00,622.7703,-5.00,5.00,
415,502.7987,-5.00,5.00,633.2245,-5.00,5.00,
416,507.4920,-5.00,5.00,650.6444,-5.00,5.00,
417,511.1722,-5.00,5.00,656.8643,-5.00,5.00,
418,515.2407,-5.00,5.00,664.9220,-5.00,5.00,
419,529.0846,-5.00,5.00,674.5615,-5.00,5.00,
420,535.7584,-5.00,5.00,694.6292,-5.00,5.00,
421,539.7369,-5.00,5.00,701.9833,-5.00,5.00,
422,542.3795,-5.00,5.00,706.0154,-5.00,5.00,
423,545.6735,-5.00,5.00,713.3100,-5.00,5.00,
424,559.1799,-5.00,5.00,723.2867,-5.00,5.00,
425,566.0688,-5.00,5.00,745.2354,-5.00,5.00,
426,571.1887,-5.00,5.00,752.2753,-5.00,5.00,
427,574.6977,-5.00,5.00,758.4946,-5.00,5.00,
428,579.9315,-5.00,5.00,763.1356,-5.00,5.00,
429,582.3558,-5.00,5.00,775.5974,-5.00,5.00,
430,584.5586,-5.00,5.00,779.6492,-5.00,5.00,
431,586.1616,-5.00,5.00,782.2996,-5.00,5.00,
432,586.4662,-5.00,5.00,785.1631,-5.00,5.00,
433,593.2077,-5.00,5.00,790.2103,-5.00,5.00,
434,599.9862,-5.00,5.00,809.6158,-5.00,5.00,
435,606.2665,-5.00,5.00,820.5903,-5.00,5.00,
436,612.1196,-5.00,5.00,828.5149,-5.00,5.00,
437,621.6190,-5.00,5.00,835.6705,-5.00,5.00,
438,625.0804,-5.00,5.00,849.8265,-5.00,5.00,
439,630.0430,-5.00,5.00,858.0915,-5.00,5.00,
440,633.6592,-5.00,5.00,861.8043,-5.00,5.00,
441,634.0884,-5.00,5.00,863.8169,-5.00,5.00,
442,633.9763,-5.00,5.00,864.2052,-5.00,5.00,
443,633.9218,-5.00,5.00,866.4449,-5.00,5.00,
444,634.4952,-5.00,5.00,868.6562,-5.00,5.00,
445,634.0884,-5.00,5.00,868.1779,-5.00,5.00,
446,624.9747,-5.00,5.00,863.5897,-5.00,5.00,
447,617.2764,-5.00,5.00,846.5295,-5.00,5.00,
448,613.7051,-5.00,5.00,842.6354,-5.00,5.00,
449,614.5892,-5.00,5.00,847.3064,-5.00,5.00,
450,628.7400,-5.00,5.00,856.7371,-5.00,5.00,
451,636.4714,-5.00,5.00,879.9236,-5.00,5.00,
452,639.9398,-5.00,5.00,884.0367,-5.00,5.00,
453,641.3488,-5.00,5.00,887.5013,-5.00,5.00,
454,643.1548,-5.00,5.00,888.7697,-5.00,5.00,
455,646.0686,-5.00,5.00,896.7007,-5.00,5.00,
456,651.2327,-5.00,5.00,904.4506,-5.00,5.00,
457,656.5880,-5.00,5.00,913.6323,-5.00,5.00,
458,665.1840,-5.00,5.00,920.6057,-5.00,5.00,
459,665.8816,-5.00,5.00,925.4611,-5.00,5.00,
460,666.1248,-5.00,5.00,926.9280,-5.00,5.00,
461,665.8624,-5.00,5.00,927.2687,-5.00,5.00,
462,666.4351,-5.00,5.00,928.9724,-5.00,5.00,
463,669.0236,-5.00,5.00,931.3713,-5.00,5.00,
464,669.8427,-5.00,5.00,934.4610,-5.00,5.00,
465,670.4761,-5.00,5.00,936.8787,-5.00,5.00,
466,672.4374,-5.00,5.00,942.5414,-5.00,5.00,
467,680.6741,-5.00,5.00,947.7683,-5.00,5.00,
468,685.6406,-5.00,5.00,963.5307,-5.00,5.00,
469,690.8046,-5.00,5.00,970.4999,-5.00,5.00,
470,699.7014,-5.00,5.00,984.8461,-5.00,5.00,
471,734.7248,-5.00,5.00,1006.5300,-5.00,5.00,
472,758.7507,-5.00,5.00,1038.6510,-5.00,5.00,
473,781.4291,-5.00,5.00,1104.9760,-5.00,5.00,
474,796.6972,-5.00,5.00,1127.5780,-5.00,5.00,
475,802.6916,-5.00,5.00,1133.4640,-5.00,5.00,
476,800.7864,-5.00,5.00,1132.1360,-5.00,5.00,
477,796.3417,-5.00,5.00,1126.3910,-5.00,5.00,
478,792.6108,-5.00,5.00,1120.7400,-5.00,5.00,
479,787.2524,-5.00,5.00,1114.2890,-5.00,5.00,
480,779.3277,-5.00,5.00,1108.0980,-5.00,5.00,
481,779.1835,-5.00,5.00,1107.5820,-5.00,5.00,
482,783.3864,-5.00,5.00,1116.1850,-5.00,5.00,
483,789.6226,-5.00,5.00,1128.1210,-5.00,5.00,
484,799.4159,-5.00,5.00,1138.0270,-5.00,5.00,
485,798.1606,-5.00,5.00,1144.2060,-5.00,5.00,
486,793.5204,-5.00,5.00,1138.8970,-5.00,5.00,
487,787.7970,-5.00,5.00,1133.2190,-5.00,5.00,
488,772.5486,-5.00,5.00,1123.9890,-5.00,5.00,
489,764.4773,-5.00,5.00,1114.7480,-5.00,5.00,
490,759.8627,-5.00,5.00,1099.3270,-5.00,5.00,
491,757.6610,-5.00,5.00,1097.8510,-5.00,5.00,
492,756.5777,-5.00,5.00,1097.3780,-5.00,5.00,
493,755.2125,-5.00,5.00,1097.3550,-5.00,5.00,
494,753.7060,-5.00,5.00,1096.7160,-5.00,5.00,
495,755.3983,-5.00,5.00,1099.4410,-5.00,5.00,
496,759.1769,-5.00,5.00,1105.6190,-5.00,5.00,
497,771.0395,-5.00,5.00,1115.2960,-5.00,5.00,
498,776.4444,-5.00,5.00,1132.8170,-5.00,5.00,
499,781.0704,-5.00,5.00,1139.0530,-5.00,5.00,
500,781.9833,-5.00,5.00,1141.5210,-5.00,5.00,
501,779.5263,-5.00,5.00,1141.9750,-5.00,5.00,
502,777.5657,-5.00,5.00,1138.4760,-5.00,5.00,
503,774.7144,-5.00,5.00,1132.8500,-5.00,5.00,
504,773.5162,-5.00,5.00,1131.9420,-5.00,5.00,
505,777.2166,-5.00,5.00,1134.0370,-5.00,5.00,
506,781.0031,-5.00,5.00,1138.5000,-5.00,5.00,
507,786.4453,-5.00,5.00,1154.6810,-5.00,5.00,
508,792.1207,-5.00,5.00,1162.9850,-5.00,5.00,
509,797.8531,-5.00,5.00,1170.4100,-5.00,5.00,
510,801.8847,-5.00,5.00,1176.1180,-5.00,5.00,
511,800.4630,-5.00,5.00,1177.8050,-5.00,5.00,
512,799.4927,-5.00,5.00,1173.5280,-5.00,5.00,
513,796.0247,-5.00,5.00,1170.6880,-5.00,5.00,
514,795.1632,-5.00,5.00,1169.3270,-5.00,5.00,
515,799.1084,-5.00,5.00,1176.7080,-5.00,5.00,
516,805.4996,-5.00,5.00,1187.8290,-5.00,5.00,
517,814.8358,-5.00,5.00,1203.2160,-5.00,5.00,
518,835.7422,-5.00,5.00,1218.5240,-5.00,5.00,
519,843.6780,-5.00,5.00,1233.1670,-5.00,5.00,
520,848.9940,-5.00,5.00,1253.5550,-5.00,5.00,
521,852.2472,-5.00,5.00,1258.3700,-5.00,5.00,
522,853.1610,-5.00,5.00,1260.2350,-5.00,5.00,
523,855.3683,-5.00,5.00,1262.5410,-5.00,5.00,
524,859.0461,-5.00,5.00,1271.9600,-5.00,5.00,
525,863.5250,-5.00,5.00,1279.6280,-5.00,5.00,
526,870.2398,-5.00,5.00,1291.6250,-5.00,5.00,
527,887.7381,-5.00,5.00,1304.0140,-5.00,5.00,
528,893.2036,-5.00,5.00,1322.4260,-5.00,5.00,
529,894.7413,-5.00,5.00,1323.5160,-5.00,5.00,
530,892.2483,-5.00,5.00,1320.8140,-5.00,5.00,
531,889.1954,-5.00,5.00,1317.1260,-5.00,5.00,
532,891.6210,-5.00,5.00,1320.4260,-5.00,5.00,
533,892.9078,-5.00,5.00,1323.9330,-5.00,5.00,
534,893.1008,-5.00,5.00,1322.4920,-5.00,5.00,
535,881.4616,-5.00,5.00,1315.6000,-5.00,5.00,
536,870.7996,-5.00,5.00,1303.1910,-5.00,5.00,
537,858.6697,-5.00,5.00,1268.1310,-5.00,5.00,
538,847.1276,-5.00,5.00,1251.9640,-5.00,5.00,
539,837.3224,-5.00,5.00,1241.0890,-5.00,5.00,
540,832.8073,-5.00,5.00,1236.9410,-5.00,5.00,
541,836.8300,-5.00,5.00,1246.1930,-5.00,5.00,
542,841.3932,-5.00,5.00,1254.0950,-5.00,5.00,
543,847.2885,-5.00,5.00,1261.8780,-5.00,5.00,
544,850.6575,-5.00,5.00,1266.7490,-5.00,5.00,
545,849.3028,-5.00,5.00,1265.6080,-5.00,5.00,
546,845.4607,-5.00,5.00,1259.4730,-5.00,5.00,
547,840.3345,-5.00,5.00,1252.3720,-5.00,5.00,
548,829.8401,-5.00,5.00,1244.1290,-5.00,5.00,
549,828.3211,-5.00,5.00,1239.1850,-5.00,5.00,
550,831.1016,-5.00,5.00,1243.6080,-5.00,5.00,
551,835.5974,-5.00,5.00,1253.2900,-5.00,5.00,
552,848.7591,-5.00,5.00,1262.9950,-5.00,5.00,
553,853.2415,-5.00,5.00,1278.8090,-5.00,5.00,
554,854.1199,-5.00,5.00,1281.1050,-5.00,5.00,
555,851.8931,-5.00,5.00,1276.2250,-5.00,5.00,
556,840.5469,-5.00,5.00,1268.6800,-5.00,5.00,
557,833.1613,-5.00,5.00,1249.4130,-5.00,5.00,
558,826.9469,-5.00,5.00,1241.9220,-5.00,5.00,
559,822.9882,-5.00,5.00,1237.6750,-5.00,5.00,
560,821.1537,-5.00,5.00,1236.2400,-5.00,5.00,
561,822.3124,-5.00,5.00,1241.4060,-5.00,5.00,
562,822.8016,-5.00,5.00,1241.8650,-5.00,5.00,
563,821.6816,-5.00,5.00,1242.1640,-5.00,5.00,
564,811.8239,-5.00,5.00,1237.1970,-5.00,5.00,
565,803.4313,-5.00,5.00,1228.4220,-5.00,5.00,
566,792.5659,-5.00,5.00,1196.8070,-5.00,5.00,
567,779.4462,-5.00,5.00,1179.2420,-5.00,5.00,
568,754.1835,-5.00,5.00,1157.9140,-5.00,5.00,
569,742.4130,-5.00,5.00,1137.6490,-5.00,5.00,
570,733.0542,-5.00,5.00,1107.0430,-5.00,5.00,
571,725.7397,-5.00,5.00,1096.7590,-5.00,5.00,
572,719.7247,-5.00,5.00,1089.7190,-5.00,5.00,
573,719.5939,-5.00,5.00,1087.8020,-5.00,5.00,
574,723.4660,-5.00,5.00,1096.1390,-5.00,5.00,
575,728.7542,-5.00,5.00,1103.5850,-5.00,5.00,
576,741.7302,-5.00,5.00,1114.2890,-5.00,5.00,
577,747.2088,-5.00,5.00,1123.5110,-5.00,5.00,
578,749.9271,-5.00,5.00,1135.7100,-5.00,5.00,
579,751.2476,-5.00,5.00,1136.3860,-5.00,5.00,
580,745.7534,-5.00,5.00,1132.7320,-5.00,5.00,
581,739.7777,-5.00,5.00,1127.5590,-5.00,5.00,
582,732.9292,-5.00,5.00,1108.1350,-5.00,5.00,
583,727.3657,-5.00,5.00,1101.0260,-5.00,5.00,
584,720.2756,-5.00,5.00,1095.2730,-5.00,5.00,
585,720.8364,-5.00,5.00,1094.8380,-5.00,5.00,
586,724.1138,-5.00,5.00,1104.9380,-5.00,5.00,
587,729.4822,-5.00,5.00,1114.0190,-5.00,5.00,
588,744.8206,-5.00,5.00,1126.0500,-5.00,5.00,
589,752.1066,-5.00,5.00,1137.4360,-5.00,5.00,
590,756.8405,-5.00,5.00,1154.8650,-5.00,5.00,
591,759.5134,-5.00,5.00,1158.3400,-5.00,5.00,
592,757.5200,-5.00,5.00,1158.0700,-5.00,5.00,
593,754.0233,-5.00,5.00,1153.5510,-5.00,5.00,
594,750.4880,-5.00,5.00,1142.2390,-5.00,5.00,
595,746.5901,-5.00,5.00,1137.4970,-5.00,5.00,
596,742.0604,-5.00,5.00,1132.6040,-5.00,5.00,
597,740.2394,-5.00,5.00,1128.8640,-5.00,5.00,
598,739.0276,-5.00,5.00,1126.0030,-5.00,5.00,
599,737.7772,-5.00,5.00,1125.0620,-5.00,5.00,
600,735.3404,-5.00,5.00,1123.3450,-5.00,5.00,
601,734.6831,-5.00,5.00,1123.4920,-5.00,5.00,
602,731.7780,-5.00,5.00,1116.2280,-5.00,5.00,
603,728.5843,-5.00,5.00,1110.8130,-5.00,5.00,
604,719.4781,-5.00,5.00,1104.7910,-5.00,5.00,
605,714.7145,-5.00,5.00,1097.8320,-5.00,5.00,
606,710.1072,-5.00,5.00,1082.5600,-5.00,5.00,
607,705.3202,-5.00,5.00,1076.8950,-5.00,5.00,
608,697.3999,-5.00,5.00,1070.4210,-5.00,5.00,
609,694.4174,-5.00,5.00,1065.9580,-5.00,5.00,
610,690.7791,-5.00,5.00,1055.9320,-5.00,5.00,
611,686.1266,-5.00,5.00,1049.5250,-5.00,5.00,
612,676.4200,-5.00,5.00,1041.1440,-5.00,5.00,
613,671.4935,-5.00,5.00,1033.5900,-5.00,5.00,
614,667.6797,-5.00,5.00,1020.3170,-5.00,5.00,
615,663.2288,-5.00,5.00,1016.0760,-5.00,5.00,
616,660.3838,-5.00,5.00,1013.4030,-5.00,5.00,
617,659.8878,-5.00,5.00,1013.3930,-5.00,5.00,
618,662.8640,-5.00,5.00,1019.4860,-5.00,5.00,
619,665.1552,-5.00,5.00,1024.5670,-5.00,5.00,
620,670.3034,-5.00,5.00,1028.6140,-5.00,5.00,
621,672.4628,-5.00,5.00,1033.0620,-5.00,5.00,
622,673.3906,-5.00,5.00,1036.8150,-5.00,5.00,
623,672.3317,-5.00,5.00,1034.9450,-5.00,5.00,
624,667.4910,-5.00,5.00,1031.6740,-5.00,5.00,
625,664.8480,-5.00,5.00,1028.1280,-5.00,5.00,
626,661.3344,-5.00,5.00,1016.6950,-5.00,5.00,
627,657.3785,-5.00,5.00,1012.8450,-5.00,5.00,
628,652.6252,-5.00,5.00,1009.5770,-5.00,5.00,
629,651.8665,-5.00,5.00,1008.9480,-5.00,5.00,
630,651.6104,-5.00,5.00,1007.0260,-5.00,5.00,
631,650.5700,-5.00,5.00,1007.4560,-5.00,5.00,
632,649.5392,-5.00,5.00,1005.5900,-5.00,5.00,
633,647.1027,-5.00,5.00,1003.3220,-5.00,5.00,
634,643.5230,-5.00,5.00,993.8486,-5.00,5.00,
635,638.9663,-5.00,5.00,985.9756,-5.00,5.00,
636,627.9427,-5.00,5.00,979.3682,-5.00,5.00,
637,622.2210,-5.00,5.00,969.3085,-5.00,5.00,
638,616.4116,-5.00,5.00,954.5269,-5.00,5.00,
639,612.3918,-5.00,5.00,948.5866,-5.00,5.00,
640,608.3042,-5.00,5.00,944.9633,-5.00,5.00,
641,608.6949,-5.00,5.00,944.4950,-5.00,5.00,
642,610.5947,-5.00,5.00,949.0785,-5.00,5.00,
643,613.2758,-5.00,5.00,954.7540,-5.00,5.00,
644,619.9313,-5.00,5.00,960.1451,-5.00,5.00,
645,624.9811,-5.00,5.00,974.4615,-5.00,5.00,
646,628.3430,-5.00,5.00,980.8665,-5.00,5.00,
647,635.6802,-5.00,5.00,987.2752,-5.00,5.00,
648,637.8741,-5.00,5.00,991.5333,-5.00,5.00,
649,639.8500,-5.00,5.00,999.1028,-5.00,5.00,
650,639.3121,-5.00,5.00,998.2194,-5.00,5.00,
651,636.2728,-5.00,5.00,996.7217,-5.00,5.00,
652,634.5913,-5.00,5.00,995.3230,-5.00,5.00,
653,633.5150,-5.00,5.00,992.3744,-5.00,5.00,
654,633.3998,-5.00,5.00,991.7224,-5.00,5.00,
655,630.8789,-5.00,5.00,990.3093,-5.00,5.00,
656,628.6631,-5.00,5.00,986.3254,-5.00,5.00,
657,625.1605,-5.00,5.00,977.2078,-5.00,5.00,
658,620.5910,-5.00,5.00,968.6418,-5.00,5.00,
659,608.6277,-5.00,5.00,959.1047,-5.00,5.00,
660,601.9698,-5.00,5.00,948.9982,-5.00,5.00,
661,595.0667,-5.00,5.00,927.0844,-5.00,5.00,
662,588.7168,-5.00,5.00,916.7020,-5.00,5.00,
663,577.1320,-5.00,5.00,907.7336,-5.00,5.00,
664,573.9504,-5.00,5.00,901.0538,-5.00,5.00,
665,572.0195,-5.00,5.00,897.3489,-5.00,5.00,
666,571.3972,-5.00,5.00,897.5430,-5.00,5.00,
667,575.1531,-5.00,5.00,901.6168,-5.00,5.00,
668,577.2923,-5.00,5.00,906.0071,-5.00,5.00,
669,580.9544,-5.00,5.00,920.5724,-5.00,5.00,
670,585.5428,-5.00,5.00,928.3240,-5.00,5.00,
671,586.7163,-5.00,5.00,931.5512,-5.00,5.00,
672,586.7932,-5.00,5.00,934.8064,-5.00,5.00,
673,585.5845,-5.00,5.00,932.7292,-5.00,5.00,
674,580.9738,-5.00,5.00,929.5874,-5.00,5.00,
675,578.9022,-5.00,5.00,924.0082,-5.00,5.00,
676,577.5970,-5.00,5.00,913.6512,-5.00,5.00,
677,574.2262,-5.00,5.00,908.9258,-5.00,5.00,
678,568.7764,-5.00,5.00,903.0219,-5.00,5.00,
679,565.2988,-5.00,5.00,897.5005,-5.00,5.00,
680,562.0101,-5.00,5.00,886.8387,-5.00,5.00,
681,557.8514,-5.00,5.00,879.7343,-5.00,5.00,
682,548.3766,-5.00,5.00,873.9399,-5.00,5.00,
683,542.2831,-5.00,5.00,865.5500,-5.00,5.00,
684,535.1996,-5.00,5.00,843.4597,-5.00,5.00,
685,526.4924,-5.00,5.00,829.5955,-5.00,5.00,
686,509.4784,-5.00,5.00,816.0017,-5.00,5.00,
687,501.5707,-5.00,5.00,803.4517,-5.00,5.00,
688,494.9921,-5.00,5.00,782.4606,-5.00,5.00,
689,490.0523,-5.00,5.00,775.3937,-5.00,5.00,
690,483.1367,-5.00,5.00,768.6852,-5.00,5.00,
691,481.0134,-5.00,5.00,766.3224,-5.00,5.00,
692,481.1132,-5.00,5.00,765.3044,-5.00,5.00,
693,484.7709,-5.00,5.00,769.5706,-5.00,5.00,
694,488.0132,-5.00,5.00,774.2765,-5.00,5.00,
695,491.9756,-5.00,5.00,779.4409,-5.00,5.00,
696,496.0211,-5.00,5.00,792.1976,-5.00,5.00,
697,503.7053,-5.00,5.00,799.3118,-5.00,5.00,
698,506.2256,-5.00,5.00,804.4901,-5.00,5.00,
699,506.7977,-5.00,5.00,807.1976,-5.00,5.00,
700,505.8880,-5.00,5.00,803.8452,-5.00,5.00,
701,497.1111,-5.00,5.00,797.9365,-5.00,5.00,
702,491.0493,-5.00,5.00,788.0333,-5.00,5.00,
703,482.6316,-5.00,5.00,764.7504,-5.00,5.00,
704,475.2090,-5.00,5.00,752.5738,-5.00,5.00,
705,459.1382,-5.00,5.00,740.1606,-5.00,5.00,
706,452.1638,-5.00,5.00,728.0322,-5.00,5.00,
707,446.6213,-5.00,5.00,709.7103,-5.00,5.00,
708,438.7481,-5.00,5.00,703.6769,-5.00,5.00,
709,436.4306,-5.00,5.00,698.6149,-5.00,5.00,
710,435.6998,-5.00,5.00,695.8345,-5.00,5.00,
711,435.4209,-5.00,5.00,696.3896,-5.00,5.00,
712,437.6936,-5.00,5.00,698.8236,-5.00,5.00,
713,439.1808,-5.00,5.00,700.9016,-5.00,5.00,
714,440.5877,-5.00,5.00,705.7166,-5.00,5.00,
715,441.1903,-5.00,5.00,706.0201,-5.00,5.00,
716,441.0300,-5.00,5.00,705.9016,-5.00,5.00,
717,439.5558,-5.00,5.00,704.0658,-5.00,5.00,
718,436.7576,-5.00,5.00,694.4964,-5.00,5.00,
719,428.3508,-5.00,5.00,688.0757,-5.00,5.00,
720,423.5074,-5.00,5.00,679.2662,-5.00,5.00,
721,418.1782,-5.00,5.00,670.8200,-5.00,5.00,
722,413.3544,-5.00,5.00,656.0368,-5.00,5.00,
723,404.5146,-5.00,5.00,648.8705,-5.00,5.00,
724,400.5537,-5.00,5.00,641.8367,-5.00,5.00,
725,395.5526,-5.00,5.00,628.0454,-5.00,5.00,
726,390.8475,-5.00,5.00,619.9963,-5.00,5.00,
727,380.4697,-5.00,5.00,611.7125,-5.00,5.00,
728,374.6125,-5.00,5.00,603.6623,-5.00,5.00,
729,368.6540,-5.00,5.00,584.8661,-5.00,5.00,
730,356.5041,-5.00,5.00,576.4689,-5.00,5.00,
731,350.5348,-5.00,5.00,566.6431,-5.00,5.00,
732,345.9524,-5.00,5.00,558.7214,-5.00,5.00,
733,341.3301,-5.00,5.00,542.9160,-5.00,5.00,
734,330.9576,-5.00,5.00,534.8380,-5.00,5.00,
735,326.1858,-5.00,5.00,527.4114,-5.00,5.00,
736,323.2776,-5.00,5.00,520.9231,-5.00,5.00,
737,320.2849,-5.00,5.00,513.6779,-5.00,5.00,
738,319.9821,-5.00,5.00,512.9875,-5.00,5.00,
739,321.7024,-5.00,5.00,515.4537,-5.00,5.00,
740,323.7381,-5.00,5.00,523.2933,-5.00,5.00,
741,330.3008,-5.00,5.00,527.7671,-5.00,5.00,
742,333.8967,-5.00,5.00,533.5957,-5.00,5.00,
743,336.8802,-5.00,5.00,538.5598,-5.00,5.00,
744,339.4351,-5.00,5.00,546.8401,-5.00,5.00,
745,342.2502,-5.00,5.00,548.8208,-5.00,5.00,
746,342.9740,-5.00,5.00,550.3844,-5.00,5.00,
747,341.5263,-5.00,5.00,548.4844,-5.00,5.00,
748,339.8437,-5.00,5.00,545.1010,-5.00,5.00,
749,333.7164,-5.00,5.00,539.6596,-5.00,5.00,
750,328.8392,-5.00,5.00,533.0030,-5.00,5.00,
751,323.0488,-5.00,5.00,514.0254,-5.00,5.00,
752,308.4192,-5.00,5.00,502.9587,-5.00,5.00,
753,300.7592,-5.00,5.00,490.5344,-5.00,5.00,
754,293.0238,-5.00,5.00,477.8422,-5.00,5.00,
755,285.2448,-5.00,5.00,452.7140,-5.00,5.00,
756,272.0442,-5.00,5.00,442.3788,-5.00,5.00,
757,266.3828,-5.00,5.00,433.2376,-5.00,5.00,
758,262.0130,-5.00,5.00,417.6881,-5.00,5.00,
759,258.0529,-5.00,5.00,411.8699,-5.00,5.00,
760,251.6123,-5.00,5.00,406.8221,-5.00,5.00,
761,250.2203,-5.00,5.00,403.6896,-5.00,5.00,
762,251.2238,-5.00,5.00,410.2369,-5.00,5.00,
763,264.1738,-5.00,5.00,422.3181,-5.00,5.00,
764,272.3023,-5.00,5.00,435.1187,-5.00,5.00,
765,276.5320,-5.00,5.00,443.8765,-5.00,5.00,
766,274.9674,-5.00,5.00,439.2442,-5.00,5.00,
767,264.5037,-5.00,5.00,430.8443,-5.00,5.00,
768,260.9422,-5.00,5.00,424.3002,-5.00,5.00,
769,259.7160,-5.00,5.00,419.6274,-5.00,5.00,
770,260.9843,-5.00,5.00,420.4030,-5.00,5.00,
771,262.3042,-5.00,5.00,423.2326,-5.00,5.00,
772,265.3900,-5.00,5.00,427.1726,-5.00,5.00,
773,268.3263,-5.00,5.00,435.3628,-5.00,5.00,
774,273.0187,-5.00,5.00,438.4306,-5.00,5.00,
775,274.6545,-5.00,5.00,442.9961,-5.00,5.00,
776,277.3997,-5.00,5.00,449.1974,-5.00,5.00,
777,281.0375,-5.00,5.00,452.6613,-5.00,5.00,
778,282.2337,-5.00,5.00,454.0583,-5.00,5.00,
779,282.4530,-5.00,5.00,456.2302,-5.00,5.00,
780,282.9140,-5.00,5.00,457.7802,-5.00,5.00,
781,282.8689,-5.00,5.00,458.8419,-5.00,5.00,
782,281.7533,-5.00,5.00,457.3257,-5.00,5.00,
783,280.8086,-5.00,5.00,454.7759,-5.00,5.00,
784,278.7382,-5.00,5.00,451.8145,-5.00,5.00,
785,277.0158,-5.00,5.00,448.8768,-5.00,5.00,
786,274.9836,-5.00,5.00,444.9388,-5.00,5.00,
787,272.7799,-5.00,5.00,438.7608,-5.00,5.00,
788,269.2673,-5.00,5.00,435.6451,-5.00,5.00,
789,267.1816,-5.00,5.00,432.0170,-5.00,5.00,
790,263.8213,-5.00,5.00,419.6177,-5.00,5.00,
791,251.6609,-5.00,5.00,410.5243,-5.00,5.00,
792,245.9008,-5.00,5.00,400.8922,-5.00,5.00,
793,240.1840,-5.00,5.00,390.6347,-5.00,5.00,
794,233.7455,-5.00,5.00,371.2630,-5.00,5.00,
795,223.5242,-5.00,5.00,363.4595,-5.00,5.00,
796,219.6660,-5.00,5.00,357.5748,-5.00,5.00,
797,216.8646,-5.00,5.00,352.0936,-5.00,5.00,
798,214.3471,-5.00,5.00,343.1787,-5.00,5.00,
799,209.8543,-5.00,5.00,339.9944,-5.00,5.00,
800,208.2905,-5.00,5.00,337.7311,-5.00,5.00,
801,208.0412,-5.00,5.00,337.1628,-5.00,5.00,
802,210.2040,-5.00,5.00,337.6642,-5.00,5.00,
803,211.3306,-5.00,5.00,339.4883,-5.00,5.00,
804,213.1237,-5.00,5.00,343.1691,-5.00,5.00,
805,216.2272,-5.00,5.00,353.0573,-5.00,5.00,
806,224.0577,-5.00,5.00,358.3951,-5.00,5.00,
807,227.1810,-5.00,5.00,363.9697,-5.00,5.00,
808,229.0291,-5.00,5.00,372.1875,-5.00,5.00,
809,230.8412,-5.00,5.00,373.3075,-5.00,5.00,
810,229.7747,-5.00,5.00,371.0629,-5.00,5.00,
811,225.5729,-5.00,5.00,365.3571,-5.00,5.00,
812,219.4138,-5.00,5.00,345.6704,-5.00,5.00,
813,202.4637,-5.00,5.00,332.4776,-5.00,5.00,
814,193.6284,-5.00,5.00,318.1840,-5.00,5.00,
815,184.2730,-5.00,5.00,287.4602,-5.00,5.00,
816,166.3772,-5.00,5.00,273.7046,-5.00,5.00,
817,159.1682,-5.00,5.00,261.5694,-5.00,5.00,
818,154.5939,-5.00,5.00,253.4447,-5.00,5.00,
819,152.5599,-5.00,5.00,247.4114,-5.00,5.00,
820,160.4270,-5.00,5.00,255.2744,-5.00,5.00,
821,178.4170,-5.00,5.00,280.3968,-5.00,5.00,
822,207.4745,-5.00,5.00,377.6481,-5.00,5.00,
823,257.9753,-5.00,5.00,411.7215,-5.00,5.00,
824,255.0045,-5.00,5.00,421.0542,-5.00,5.00,
825,235.3691,-5.00,5.00,398.4635,-5.00,5.00,
826,213.2305,-5.00,5.00,334.9565,-5.00,5.00,
827,190.5443,-5.00,5.00,317.7822,-5.00,5.00,
828,184.3996,-5.00,5.00,304.6284,-5.00,5.00,
829,175.3937,-5.00,5.00,290.6508,-5.00,5.00,
830,152.2571,-5.00,5.00,254.6069,-5.00,5.00,
831,145.1136,-5.00,5.00,240.4008,-5.00,5.00,
832,143.1473,-5.00,5.00,234.4646,-5.00,5.00,
833,146.3349,-5.00,5.00,243.8175,-5.00,5.00,
834,159.5098,-5.00,5.00,255.1784,-5.00,5.00,
835,165.0443,-5.00,5.00,266.6023,-5.00,5.00,
836,168.3241,-5.00,5.00,275.0087,-5.00,5.00,
837,174.0522,-5.00,5.00,282.6972,-5.00,5.00,
838,178.4202,-5.00,5.00,288.9215,-5.00,5.00,
839,186.2784,-5.00,5.00,300.4683,-5.00,5.00,
840,197.9011,-5.00,5.00,343.0546,-5.00,5.00,
841,225.3198,-5.00,5.00,366.2057,-5.00,5.00,
842,236.3186,-5.00,5.00,384.0926,-5.00,5.00,
843,242.1276,-5.00,5.00,396.3412,-5.00,5.00,
844,250.1199,-5.00,5.00,412.6410,-5.00,5.00,
845,253.9299,-5.00,5.00,420.3647,-5.00,5.00,
846,257.8264,-5.00,5.00,426.4594,-5.00,5.00,
847,260.2563,-5.00,5.00,430.8873,-5.00,5.00,
848,258.1241,-5.00,5.00,427.1918,-5.00,5.00,
849,253.2664,-5.00,5.00,421.6574,-5.00,5.00,
850,248.0219,-5.00,5.00,415.1311,-5.00,5.00,
851,237.9906,-5.00,5.00,396.7628,-5.00,5.00,
852,232.4231,-5.00,5.00,385.9832,-5.00,5.00,
853,225.5792,-5.00,5.00,374.4320,-5.00,5.00,
854,218.8250,-5.00,5.00,355.1755,-5.00,5.00,
855,207.8598,-5.00,5.00,348.1856,-5.00,5.00,
856,204.7928,-5.00,5.00,341.4076,-5.00,5.00,
857,201.7995,-5.00,5.00,328.7130,-5.00,5.00,
858,195.3532,-5.00,5.00,323.7267,-5.00,5.00,
859,191.8838,-5.00,5.00,319.1501,-5.00,5.00,
860,189.3085,-5.00,5.00,316.5194,-5.00,5.00,
861,186.0934,-5.00,5.00,311.0031,-5.00,5.00,
862,184.4028,-5.00,5.00,305.8633,-5.00,5.00,
863,181.4784,-5.00,5.00,300.8513,-5.00,5.00,
864,177.1701,-5.00,5.00,290.4449,-5.00,5.00,
865,169.7800,-5.00,5.00,285.3807,-5.00,5.00,
866,166.2796,-5.00,5.00,279.6538,-5.00,5.00,
867,162.8205,-5.00,5.00,264.1991,-5.00,5.00,
868,152.3157,-5.00,5.00,255.0199,-5.00,5.00,
869,146.4554,-5.00,5.00,246.7196,-5.00,5.00,
870,141.1524,-5.00,5.00,238.5408,-5.00,5.00,
871,133.2369,-5.00,5.00,224.1023,-5.00,5.00,
872,129.2521,-5.00,5.00,217.0789,-5.00,5.00,
873,126.0089,-5.00,5.00,210.7076,-5.00,5.00,
874,122.3961,-5.00,5.00,201.0422,-5.00,5.00,
875,118.4033,-5.00,5.00,198.8033,-5.00,5.00,
876,119.2386,-5.00,5.00,199.0826,-5.00,5.00,
877,121.1632,-5.00,5.00,207.3386,-5.00,5.00,
878,132.5267,-5.00,5.00,217.9449,-5.00,5.00,
879,145.3807,-5.00,5.00,237.5555,-5.00,5.00,
880,165.9318,-5.00,5.00,272.5442,-5.00,5.00,
881,219.7243,-5.00,5.00,366.7111,-5.00,5.00,
882,234.8733,-5.00,5.00,396.9879,-5.00,5.00,
883,233.0292,-5.00,5.00,401.0550,-5.00,5.00,
884,216.8678,-5.00,5.00,342.2955,-5.00,5.00,
885,172.9348,-5.00,5.00,304.8342,-5.00,5.00,
886,154.7566,-5.00,5.00,272.3524,-5.00,5.00,
887,140.4787,-5.00,5.00,223.7993,-5.00,5.00,
888,119.3886,-5.00,5.00,205.1149,-5.00,5.00,
889,111.2391,-5.00,5.00,190.7654,-5.00,5.00,
890,104.6419,-5.00,5.00,178.2806,-5.00,5.00,
891,95.4493,-5.00,5.00,163.3400,-5.00,5.00,
892,94.0650,-5.00,5.00,159.5662,-5.00,5.00,
893,94.5613,-5.00,5.00,159.7641,-5.00,5.00,
894,97.0258,-5.00,5.00,167.4556,-5.00,5.00,
895,100.8791,-5.00,5.00,170.2102,-5.00,5.00,
896,99.0653,-5.00,5.00,169.2551,-5.00,5.00,
897,95.3970,-5.00,5.00,164.3340,-5.00,5.00,
898,86.6135,-5.00,5.00,149.3082,-5.00,5.00,
899,83.0011,-5.00,5.00,142.4362,-5.00,5.00,
900,80.6755,-5.00,5.00,136.9922,-5.00,5.00,
901,78.5552,-5.00,5.00,132.2621,-5.00,5.00,
902,80.4105,-5.00,5.00,135.9052,-5.00,5.00,
903,85.8749,-5.00,5.00,146.0874,-5.00,5.00,
904,93.2551,-5.00,5.00,169.0863,-5.00,5.00,
905,101.5966,-5.00,5.00,173.2575,-5.00,5.00,
906,98.0505,-5.00,5.00,168.9512,-5.00,5.00,
907,91.6286,-5.00,5.00,158.1956,-5.00,5.00,
908,80.1684,-5.00,5.00,138.1710,-5.00,5.00,
909,76.7714,-5.00,5.00,132.7260,-5.00,5.00,
910,75.0656,-5.00,5.00,128.5628,-5.00,5.00,
911,75.0590,-5.00,5.00,127.1431,-5.00,5.00,
912,76.8761,-5.00,5.00,129.6781,-5.00,5.00,
913,81.0354,-5.00,5.00,136.6637,-5.00,5.00,
914,88.3618,-5.00,5.00,168.3964,-5.00,5.00,
915,111.8415,-5.00,5.00,191.3145,-5.00,5.00,
916,123.1298,-5.00,5.00,210.7653,-5.00,5.00,
917,129.3857,-5.00,5.00,224.8093,-5.00,5.00,
918,124.4276,-5.00,5.00,217.0596,-5.00,5.00,
919,118.3837,-5.00,5.00,206.1690,-5.00,5.00,
920,112.0857,-5.00,5.00,195.9526,-5.00,5.00,
921,103.9116,-5.00,5.00,180.5604,-5.00,5.00,
922,100.9573,-5.00,5.00,174.6315,-5.00,5.00,
923,98.1941,-5.00,5.00,169.2840,-5.00,5.00,
924,93.6209,-5.00,5.00,159.8944,-5.00,5.00,
925,91.2726,-5.00,5.00,155.5119,-5.00,5.00,
926,88.8518,-5.00,5.00,151.7995,-5.00,5.00,
927,84.0409,-5.00,5.00,143.6727,-5.00,5.00,
928,81.4835,-5.00,5.00,140.2240,-5.00,5.00,
929,79.2817,-5.00,5.00,135.3593,-5.00,5.00,
930,76.6732,-5.00,5.00,125.2791,-5.00,5.00,
931,70.6892,-5.00,5.00,119.9321,-5.00,5.00,
932,66.9260,-5.00,5.00,113.9745,-5.00,5.00,
933,62.9473,-5.00,5.00,107.3331,-5.00,5.00,
934,54.6217,-5.00,5.00,92.8472,-5.00,5.00,
935,50.2078,-5.00,5.00,85.2321,-5.00,5.00,
936,46.2709,-5.00,5.00,77.6624,-5.00,5.00,
937,38.6787,-5.00,5.00,64.4789,-5.00,5.00,
938,35.5002,-5.00,5.00,59.0030,-5.00,5.00,
939,32.7190,-5.00,5.00,54.0213,-5.00,5.00,
940,28.7583,-5.00,5.00,47.1522,-5.00,5.00,
941,27.3718,-5.00,5.00,44.5664,-5.00,5.00,
942,26.4053,-5.00,5.00,42.8683,-5.00,5.00,
943,25.9584,-5.00,5.00,41.3643,-5.00,5.00,
944,25.9716,-5.00,5.00,41.4565,-5.00,5.00,
945,26.2894,-5.00,5.00,42.1406,-5.00,5.00,
946,26.8258,-5.00,5.00,42.9896,-5.00,5.00,
947,28.6855,-5.00,5.00,45.9636,-5.00,5.00,
948,29.8308,-5.00,5.00,47.6422,-5.00,5.00,
949,31.3044,-5.00,5.00,49.9659,-5.00,5.00,
950,34.4259,-5.00,5.00,55.4038,-5.00,5.00,
951,35.9479,-5.00,5.00,58.4403,-5.00,5.00,
952,37.5171,-5.00,5.00,61.3506,-5.00,5.00,
953,40.6310,-5.00,5.00,66.7639,-5.00,5.00,
954,42.1824,-5.00,5.00,69.3793,-5.00,5.00,
955,43.7211,-5.00,5.00,71.9511,-5.00,5.00,
956,45.2308,-5.00,5.00,76.7695,-5.00,5.00,
957,47.7611,-5.00,5.00,79.2976,-5.00,5.00,
958,48.9550,-5.00,5.00,81.3890,-5.00,5.00,
959,49.6685,-5.00,5.00,82.9806,-5.00,5.00,
960,51.0067,-5.00,5.00,85.1350,-5.00,5.00,
961,51.0264,-5.00,5.00,85.2466,-5.00,5.00,
962,51.0823,-5.00,5.00,85.2709,-5.00,5.00,
963,49.9941,-5.00,5.00,83.8783,-5.00,5.00,
964,49.2871,-5.00,5.00,82.8690,-5.00,5.00,
965,48.5176,-5.00,5.00,81.5297,-5.00,5.00,
966,46.6361,-5.00,5.00,78.7056,-5.00,5.00,
967,46.0208,-5.00,5.00,77.4877,-5.00,5.00,
968,45.5437,-5.00,5.00,76.5318,-5.00,5.00,
969,44.8215,-5.00,5.00,75.5613,-5.00,5.00,
970,44.4426,-5.00,5.00,74.8383,-5.00,5.00,
971,43.9173,-5.00,5.00,74.4986,-5.00,5.00,
972,43.3954,-5.00,5.00,73.5427,-5.00,5.00,
973,42.3685,-5.00,5.00,71.7716,-5.00,5.00,
974,42.3884,-5.00,5.00,71.1699,-5.00,5.00,
975,42.4881,-5.00,5.00,71.3591,-5.00,5.00,
976,44.7484,-5.00,5.00,75.8912,-5.00,5.00,
977,46.9947,-5.00,5.00,80.0740,-5.00,5.00,
978,49.8231,-5.00,5.00,85.8677,-5.00,5.00,
979,54.4672,-5.00,5.00,95.0293,-5.00,5.00,
980,54.3260,-5.00,5.00,94.7052,-5.00,5.00,
981,51.8087,-5.00,5.00,90.4193,-5.00,5.00,
982,44.1068,-5.00,5.00,76.7792,-5.00,5.00,
983,41.2521,-5.00,5.00,70.6652,-5.00,5.00,
984,39.1368,-5.00,5.00,66.8124,-5.00,5.00,
985,36.8369,-5.00,5.00,62.4904,-5.00,5.00,
986,36.8071,-5.00,5.00,62.2091,-5.00,5.00,
987,37.2782,-5.00,5.00,62.8008,-5.00,5.00,
988,39.8373,-5.00,5.00,67.3947,-5.00,5.00,
989,42.3851,-5.00,5.00,71.5969,-5.00,5.00,
990,45.5668,-5.00,5.00,77.6915,-5.00,5.00,
991,53.1496,-5.00,5.00,92.3923,-5.00,5.00,
992,56.1557,-5.00,5.00,97.9562,-5.00,5.00,
993,57.3544,-5.00,5.00,100.4375,-5.00,5.00,
994,56.8158,-5.00,5.00,99.6830,-5.00,5.00,
995,53.5900,-5.00,5.00,93.0988,-5.00,5.00,
996,51.7101,-5.00,5.00,89.3809,-5.00,5.00,
997,49.8165,-5.00,5.00,86.2317,-5.00,5.00,
998,47.0572,-5.00,5.00,80.7922,-5.00,5.00,
999,45.9057,-5.00,5.00,78.7784,-5.00,5.00,
1000,44.9177,-5.00,5.00,77.2742,-5.00,5.00,
1001,43.9705,-5.00,5.00,74.9256,-5.00,5.00,
1002,43.6480,-5.00,5.00,74.3579,-5.00,5.00,
1003,43.6613,-5.00,5.00,73.7756,-5.00,5.00,
1004,43.4020,-5.00,5.00,74.0619,-5.00,5.00,
1005,43.4585,-5.00,5.00,74.2172,-5.00,5.00,
1006,43.5583,-5.00,5.00,74.4307,-5.00,5.00,
1007,44.0237,-5.00,5.00,75.2459,-5.00,5.00,
1008,44.4326,-5.00,5.00,75.7554,-5.00,5.00,
1009,45.0070,-5.00,5.00,77.1383,-5.00,5.00,
1010,46.5703,-5.00,5.00,79.7974,-5.00,5.00,
1011,47.0868,-5.00,5.00,81.0396,-5.00,5.00,
1012,47.7216,-5.00,5.00,82.5439,-5.00,5.00,
1013,48.0440,-5.00,5.00,82.9223,-5.00,5.00,
1014,48.2347,-5.00,5.00,83.5289,-5.00,5.00,
1015,48.1986,-5.00,5.00,83.3736,-5.00,5.00,
1016,47.9256,-5.00,5.00,83.0437,-5.00,5.00,
1017,47.6624,-5.00,5.00,82.3643,-5.00,5.00,
1018,47.6131,-5.00,5.00,81.9179,-5.00,5.00,
1019,47.2611,-5.00,5.00,81.2774,-5.00,5.00,
1020,46.1228,-5.00,5.00,79.7828,-5.00,5.00,
1021,45.6655,-5.00,5.00,78.8027,-5.00,5.00,
1022,44.8178,-5.00,5.00,77.4392,-5.00,5.00,
1023,43.3788,-5.00,5.00,74.9935,-5.00,5.00,
1024,42.6974,-5.00,5.00,73.6640,-5.00,5.00,
1025,42.1724,-5.00,5.00,72.3539,-5.00,5.00,
1026,40.8535,-5.00,5.00,70.0247,-5.00,5.00,
1027,40.2126,-5.00,5.00,68.7340,-5.00,5.00,
1028,39.2696,-5.00,5.00,67.4335,-5.00,5.00,
1029,37.6698,-5.00,5.00,64.7069,-5.00,5.00,
1030,37.0061,-5.00,5.00,63.1645,-5.00,5.00,
1031,36.2398,-5.00,5.00,61.7774,-5.00,5.00,
1032,34.9564,-5.00,5.00,59.6238,-5.00,5.00,
1033,34.4889,-5.00,5.00,58.5616,-5.00,5.00,
1034,33.7795,-5.00,5.00,57.5187,-5.00,5.00,
1035,32.5964,-5.00,5.00,55.4814,-5.00,5.00,
1036,32.0630,-5.00,5.00,54.4919,-5.00,5.00,
1037,31.4203,-5.00,5.00,53.3519,-5.00,5.00,
1038,30.2579,-5.00,5.00,51.3339,-5.00,5.00,
1039,29.7249,-5.00,5.00,50.6548,-5.00,5.00,
1040,29.3607,-5.00,5.00,49.5051,-5.00,5.00,
1041,28.5531,-5.00,5.00,48.2534,-5.00,5.00,
1042,28.2718,-5.00,5.00,47.4627,-5.00,5.00,
1043,27.8350,-5.00,5.00,46.7059,-5.00,5.00,
1044,26.9781,-5.00,5.00,45.2068,-5.00,5.00,
1045,26.5146,-5.00,5.00,44.5130,-5.00,5.00,
1046,26.0213,-5.00,5.00,43.6737,-5.00,5.00,
1047,25.3229,-5.00,5.00,42.3638,-5.00,5.00,
1048,24.8828,-5.00,5.00,41.9708,-5.00,5.00,
1049,24.7140,-5.00,5.00,41.1848,-5.00,5.00,
1050,23.9598,-5.00,5.00,40.0592,-5.00,5.00,
1051,23.5530,-5.00,5.00,39.4817,-5.00,5.00,
1052,23.2719,-5.00,5.00,38.8349,-5.00,5.00,
1053,22.5246,-5.00,5.00,37.3159,-5.00,5.00,
1054,22.0651,-5.00,5.00,36.8729,-5.00,5.00,
1055,21.6850,-5.00,5.00,36.0649,-5.00,5.00,
1056,21.0175,-5.00,5.00,34.8434,-5.00,5.00,
1057,20.7135,-5.00,5.00,34.2838,-5.00,5.00,
1058,20.5051,-5.00,5.00,33.8362,-5.00,5.00,
1059,19.9658,-5.00,5.00,32.7173,-5.00,5.00,
1060,19.6780,-5.00,5.00,32.2795,-5.00,5.00,
1061,19.3770,-5.00,5.00,31.7737,-5.00,5.00,
1062,18.9240,-5.00,5.00,30.9177,-5.00,5.00,
1063,18.6562,-5.00,5.00,30.6017,-5.00,5.00,
1064,18.5141,-5.00,5.00,30.3343,-5.00,5.00,
1065,18.1042,-5.00,5.00,29.6515,-5.00,5.00,
1066,18.0051,-5.00,5.00,29.3420,-5.00,5.00,
1067,17.8497,-5.00,5.00,29.1051,-5.00,5.00,
1068,17.6250,-5.00,5.00,28.3361,-5.00,5.00,
1069,17.3541,-5.00,5.00,28.1378,-5.00,5.00,
1070,17.2748,-5.00,5.00,27.9443,-5.00,5.00,
1071,16.9247,-5.00,5.00,27.5090,-5.00,5.00,
1072,16.7926,-5.00,5.00,27.2236,-5.00,5.00,
1073,16.6935,-5.00,5.00,26.9913,-5.00,5.00,
1074,16.5284,-5.00,5.00,26.5946,-5.00,5.00,
1075,16.4129,-5.00,5.00,26.3914,-5.00,5.00,
1076,16.3171,-5.00,5.00,26.0962,-5.00,5.00,
1077,16.1256,-5.00,5.00,25.6994,-5.00,5.00,
1078,15.9077,-5.00,5.00,25.5784,-5.00,5.00,
1079,15.7856,-5.00,5.00,25.4187,-5.00,5.00,
1080,15.6404,-5.00,5.00,25.3074,-5.00,5.00,
1081,15.5843,-5.00,5.00,25.0412,-5.00,5.00,
1082,15.5645,-5.00,5.00,24.8476,-5.00,5.00,
1083,15.4159,-5.00,5.00,24.7508,-5.00,5.00,
1084,15.2707,-5.00,5.00,24.3007,-5.00,5.00,
1085,15.1519,-5.00,5.00,24.1119,-5.00,5.00,
1086,14.7790,-5.00,5.00,23.7537,-5.00,5.00,
1087,14.5085,-5.00,5.00,23.2018,-5.00,5.00,
1088,14.3634,-5.00,5.00,22.8192,-5.00,5.00,
1089,14.1951,-5.00,5.00,22.6498,-5.00,5.00,
1090,14.0665,-5.00,5.00,22.2374,-5.00,5.00,
1091,14.0005,-5.00,5.00,22.0962,-5.00,5.00,
1092,13.7862,-5.00,5.00,21.9403,-5.00,5.00,
1093,13.6740,-5.00,5.00,21.5310,-5.00,5.00,
1094,13.6015,-5.00,5.00,21.3166,-5.00,5.00,
1095,13.3377,-5.00,5.00,20.9901,-5.00,5.00,
1096,13.1729,-5.00,5.00,20.6784,-5.00,5.00,
1097,13.1333,-5.00,5.00,20.4738,-5.00,5.00,
1098,12.8630,-5.00,5.00,20.3033,-5.00,5.00,
1099,12.7609,-5.00,5.00,19.8309,-5.00,5.00,
1100,12.6290,-5.00,5.00,19.5436,-5.00,5.00,
